user_input,retrieved_contexts,response,reference,context_precision,context_recall,faithfulness,answer_correctness
What are the four age-related feline life stages and their age ranges?,"['VETERINARY PRACTICE GUIDELINES\n2021 AAHA/AAFP Feline Life Stage Guidelines*\nJessica Quimby, DVM, PhD, DACVIMy, Shannon Gowland, DVM, DABVPy, Hazel C. Carney, DVM, MS, DABVP,\nTheresa DePorter, DVM, MRCVS, DACVB, DECAWBM, Paula Plummer, LVT, VTS (ECC, SAIM), Jodi Westropp,\nDVM, PhD, DACVIM\nABSTRACT\nThe guidelines, authored by a Task Force of experts in feline clinical medicine, are an update and extension of the AAFP–AAHA\nFeline Life Stage Guidelines published in 2010. The guidelines are published simultaneously in the Journal of Feline Medicine and\nSurgery (volume 23, issue 3, pages 211–233, DOI: 10.1177/1098612X21993657) and the Journal of the American Animal Hospital\nAssociation (volume 57, issue 2, pages 51–72, DOI: 10.5326/JAAHA-MS-7189). A noteworthy change from the earlier guidelines is\nthe division of the cat’s lifespan into a ﬁve-stage grouping with four distinct age-related stages (kitten, young adult, mature adult,\nand senior) as well as an end-of-life stage, instead of the previous six. This simpliﬁed grouping is consistent with how pet owners\ngenerally perceive their cat’s maturation and aging process, and provides a readily understood basis for an evolving, individualized,\nlifelong feline healthcare strategy. The guidelines include a comprehensive table on the components of a feline wellness visit that\nprovides a framework for systematically implementing an individualized life stage approach to feline healthcare. Included are\nrecommendations for managing the most critical health-related factors in relation to a cat’s life stage. These recommendations are\nfurther explained in the following categories: behavior and environmental needs; elimination; life stage nutrition and weight\nmanagement; oral health; parasite control; vaccination; zoonoses and human safety; and recommended diagnostics based on\nlife stage. A discussion on overcoming barriers to veterinary visits by cat owners offers practical advice on one of the most\nchallenging aspects of delivering regular feline healthcare. (J Am Anim Hosp Assoc 2021; 57:51–72. DOI 10.5326/JAAHA-MS-7189)\nAFFILIATIONS\nThe Ohio State University, Department of Veterinary Clinical Sciences, Co-\nlumbus, Ohio, USA (J.Q.); OVC Smith Lane Animal Hospital, Ontario Vet-\nerinary College, Guelph, Ontario, Canada (S.G.); WestVet Emergency and\nSpecialty Center, Garden City, Idaho, USA (H.C.C.); Oakland Veterinary\nReferral Services, Bloomﬁeld Hills, Michigan, USA (T.D.); Texas A&M Uni-\nversity Veterinary Medical Teaching Hospital, College Station, Texas, USA\n(P.P.); and University of California, Davis, School of Veterinary Medicine,\nDavis, California, USA (J.W.).\nKEYWORDS\nFeline life stage; kitten; adult; senior; veterinary; healthcare examination;\nmedical history; behavior; risk assessment; elimination\nCorrespondence: quimby.19@osu.edu (J.Q.)\n* Boehringer Ingelheim Animal Health USA Inc., CareCredit, Dechra Vet-\nerinary Products, IDEXX Laboratories, Inc., Merck Animal Health, and Zoetis', 'procedures in a way that improves patient comfort and time efﬁciency\nas well as the patient, client, and practice team experience. In efforts to\nreduce stress, keep the most invasive parts until the end, such as the\ndental examination, temperature assessment or nail trim, sample\ncollection, and imaging. It is important to note in the patient record\nwhich aspect(s) of the examination may stress that individual cat so\nthose components can be saved until the end during future visits.\nUsing feline-friendly handling techniques to reduce stress will give\nthe patient and owner a positive experience that will carry over to future\nexamination visits. The patient will often retain this positive condi-\ntioning, allowing the practice team to provide the best possible care\nthroughout the cat’s lifetime. A feline-friendly approach will also pos-\nitively impact the practice team dynamic and conﬁdence when han-\ndling, treating, and caring for cats.\nLife Stage Deﬁnitions and Relevant\nClinical Perspectives\nThe Task Force has designated four age-related life stages (Table 1): the\nkitten stage, from birth up to 1 year; young adult, from 1 year through\n6 years; mature adult, from 7 to 10 years; and senior, aged over 10\nyears. The ﬁfth, end-of-life stage can occur at any age. These guide-\nlines focus on the life stages of kitten through to senior. These age\ndesignations help to focus attention on the physical and behavioral\nchanges, as well as the evolving medical needs, that occur at different\nstages of feline life. Examples include detection of congenital defects in\nkittens, obesity prevention in the young adult cat, and increased\nvigilance for early detection of renal disease in mature adult and senior\ncats. It must be recognized, however, that any age groupings are in-\nevitably arbitrary demarcations along a spectrum and not absolutes.\nAlthough ages have been used to identify life stages, it is rec-\nognized that there may be signiﬁcant variation among individual cats.\nFeline-Friendly Strategies\nFeline-friendly handling and cat-friendly strategies are described in\ndetail in the AAFP and ISFM Feline-Friendly Handling and Nursing\nCare Guidelines,8,9 as well as the AAFP Cat Friendly Certiﬁcate\nProgram10 for individuals and Cat Friendly Practice® Program.11\n2021 AAHA/AAFP Feline Life Stage Guidelines\nJAAHA.ORG\n53', 'events to increase knowledge and conﬁdence when taking patient\nhistories (see “Conducting Effective Patient Histories” box) and pro-\nviding client education are just as important as further education on\nfeline-friendly handling, disease processes, and technical skills.\nIdeally, client education is a key responsibility for all staff\nmembers. Every life stage will have speciﬁc items that should be\ndiscussed in the veterinary visit (see Table 2), and both veterinary\ntechnicians and veterinarians should be familiar with current rec-\nommendations and practice protocols in order to educate clients on\nthe most critical health-related factors relevant to each life stage.\nThe practice team can better connect with clients when they un-\nderstand that pet owners can become overwhelmed at veterinary\nvisits. Moreover, communicating that the cat owner is an integral\npart of the healthcare team can reinforce the veterinary-client-\npatient relationship, as well as improve compliance.\nSummary\nThe 2021 AAHA/AAFP Feline Life Stage Guidelines deﬁne four distinct age-\nrelated feline life stages: kitten (birth up to 1 year), young adult (1–6\nyears), mature adult (7–10 years), and senior (greater than 10 years). End\nof life and its precursor events are a ﬁfth life stage that is not age speciﬁc,\nand are discussed in separate 2016 AAHA/IAAHPC End-of-Life Care\nGuidelines4 and the 2021 AAFP End of Life Online Educational Toolkit.5\nWithin these 2021 AAHA/AAFP Feline Life Stage Guidelines, the Task Force\noffers evidence-guided recommendations for eight clinical aspects of feline\nmedicine that should be managed in relation to a cat’s life stage: behavior\nand environmental needs; elimination; nutrition and weight management;\noral health; parasite control; vaccination; zoonoses and human safety; and\ndiagnostics. Additionally, important topics include feline-friendly handling\npractices, overcoming barriers to examination visits, environmental en-\nrichment, understanding feline behavior, practice team training, and client\neducation. Integrating clinical management with appropriate patient\nhandling, and practice team and client collaboration, all tailored to the\ncat’s life stage, forms the basis for an effective, individualized healthcare\nstrategy that can be applied throughout the feline patient’s lifetime.\nThe Task Force gratefully acknowledges the contribution of\nMark Dana of Scientiﬁc Communications Services, LLC, and\nthe Kanara Consulting Group, LLC, in the preparation of the\nguidelines manuscript.\nCONFLICT OF INTEREST\nHazel C. Carney has received speaking fees from Royal Canin. Jessica\nQuimby is a consultant/key opinion leader for Boehringer Ingelheim\nAnimal Health USA Inc., Dechra Veterinary Products, Elanco Animal\nHealth, Hill’s Pet Nutrition, Inc., IDEXX Laboratories, Inc., Kindred\nBiosciences, Inc., Nestlé Purina Petcare, and Royal Canin. Jodi Westropp\nhas received speaking fees from Bayer Animal Health, Nestlé Purina\nPetcare, Hill’s Pet Nutrition, Inc., and Royal Canin; served as a consultant/\nkey opinion leader for Nestlé Purina Petcare; and served on the academic\nboard for the International School of Veterinary Postgraduate Studies. The\nother members of the Task Force have no conﬂicts of interest to declare.\nFUNDING\nBoehringer Ingelheim Animal Health USA Inc., CareCredit, Dechra', 'Introduction\nThe feline patient’s life stage is the most fundamental presentation\nfactor the practitioner encounters in a regular examination visit.\nMost of the components of a treatment or healthcare plan are\nguided by the patient’s life stage, progressing from kitten to young\nadult, mature adult, and senior and concluding with the end-of-life\nstage. Because a cat can transition from one life stage to another in a\nshort period of time, each examination visit should include a life\nstage assessment. The 2021 AAHA/AAFP Feline Life Stage Guidelines\nprovide a comprehensive age-associated framework for promoting\nhealth and longevity throughout a cat’s lifetime. The guidelines were\ndeveloped by a Task Force of experts in feline clinical medicine.\nTheir recommendations are a practical resource to guide individu-\nalized risk assessment, preventive healthcare strategies, and treat-\nment pathways that evolve as the cat matures.\nAn evidence-guided framework for managing a cat’s healthcare\nthroughout its lifetime has never been more important in feline\npractice than it is now. Cats are the most popular pet in the United\nStates.1 A great anomaly in feline practice is that although most\nowners consider their cats to be family members, cats are sub-\nstantially underserved in the primary care setting compared with\ndogs.2 In 2006, owners took their dogs to veterinarians more than\ntwice as often as cats: 2.3 times/year for dogs versus 1.1 times/year\nfor cats.3 This healthcare use imbalance persists to the present day.\nCat owners often express a belief that their pets “do not need\nmedical care.” Two reasons for this misconception are that signs of\nillness and pain are often difﬁcult to detect in the sometimes re-\nclusive or stoic cat, and that cats are perceived to be self-sufﬁcient.\nSpeciﬁc objectives of the guidelines are (1) to deﬁne distinct\nfeline life stages consistent with how pet owners generally perceive\nTABLE 1\nFeline Life Stages\nª Voren1/iStock, spxChrome/E+, AaronAmat/iStock, AngiePhotos/iStock via Getty Images Plus\n52\nJAAHA\n|\n57:2\nMar/Apr 2021']","The four age‑related feline life stages and their age ranges are:

| Life stage | Age range |
|------------|-----------|
| Kitten | Birth to 1 year |
| Young adult | 1 year to 6 years |
| Mature adult | 7 years to 10 years |
| Senior | Greater than 10 years |","The four age-related life stages are: kitten (birth up to 1 year), young adult (1 year through 6 years), mature adult (7 to 10 years), and senior (over 10 years). A fifth, end-of-life stage can occur at any age.",0.9999999999666667,1.0,1.0,0.9215109216916367
How often should cats be examined by a veterinarian?,"['For example, some senior cats aged 10 years and older may remain in\nexcellent physical condition and would be best treated as a mature\nadult at the veterinarian’s discretion. The guidelines are intended to\nbe a starting point from which individualized care recommenda-\ntions can be developed.\nDiscussion Items for All Life Stages\nThe Task Force recommends a minimum of annual examinations for\nall cats, with increasing frequency as appropriate for their individual\nneeds.6 Senior cats should be seen at least every 6 months and more\nfrequently for those with chronic conditions. More information\ncan be found in the AAFP Senior Care Guidelines.12 Seeing patients\nand clients at least annually provides an excellent opportunity for\nclient education. Table 2 lists a number of discussion items relevant\nto all life stages. Some topics such as sterilization, claw care, the\nimportance of identiﬁcation and microchipping, and disaster\npreparedness may be covered once in an initial consultation. The\nAAFP Position Statement entitled “Early spay and castration” is a\nsource of further information on timing of pediatric spay/neu-\ntering.13\nOpen-ended questions and requests such as, “What would you\nlike to discuss with me today?” or, “I hear that [cat’s name] hasn’t\nbeen eating well, tell me more about that” are an excellent start to\nsetting the agenda for the consultation. An appointment template\ncan be valuable to guide more speciﬁc questions such as, “Has there\nbeen any urination or defecation outside the litter box?” to ensure\nother relevant information is not missed or left to the end of the\nconsultation.\nDiscussions regarding anticipated costs of care and presentation\nof pet insurance options can help clients to plan ahead for future care\nneeds. In some cases, estate planning may be appropriate to discuss.\nMany other topics will be revisited and modiﬁed during subsequent\nexaminations, including preventive healthcare and nutritional rec-\nommendations. Discussing what normal behaviors are expected at\neach life stage, relating this to the patient, and reviewing subtle signs\nof anxiety, illness, and pain in cats encourages clients to be vigilant\nand seek care early in the course of disease.14 Veterinarians should\neducate owners of purebred cats about breed predispositions,\nkeeping in mind that most North American cats are not purebred,\nand that these conditions are not necessarily restricted to particular\nbreeds.15\nTaking a few moments to evaluate and discuss the temperament,\ndemeanor, and handling preferences of the patient is time well spent\nin terms of setting the stage for a reduced-stress, thorough physical\nexamination and for obtaining diagnostic samples. Observing how\nthe cat is reacting to the environment may give clues as to its state of\narousal. If the cat is a new patient to the veterinarian, the client may\nknow from previous experience what works well for their pet. For\nexample, does the cat relax when handled in a towel? What is the cat’s\nfavorite treat? What handling methods have worked well or poorly\nin the past? This knowledge and an understanding of reduced-stress\nhandling techniques can help to tailor the approach to each patient.\nNoting these important details in the physical examination record\nwill facilitate successful, reduced-stress future visits and help to\ndevelop individualized approaches that work well for each patient.\nDecreasing stress may reduce confounding results during physical\nexamination and diagnostic testing, as well as when taking vital\nsigns.\nLifestyle Risk Assessment\nUnderstanding the lifestyle of the cat is important for making', 'Introduction\nThe feline patient’s life stage is the most fundamental presentation\nfactor the practitioner encounters in a regular examination visit.\nMost of the components of a treatment or healthcare plan are\nguided by the patient’s life stage, progressing from kitten to young\nadult, mature adult, and senior and concluding with the end-of-life\nstage. Because a cat can transition from one life stage to another in a\nshort period of time, each examination visit should include a life\nstage assessment. The 2021 AAHA/AAFP Feline Life Stage Guidelines\nprovide a comprehensive age-associated framework for promoting\nhealth and longevity throughout a cat’s lifetime. The guidelines were\ndeveloped by a Task Force of experts in feline clinical medicine.\nTheir recommendations are a practical resource to guide individu-\nalized risk assessment, preventive healthcare strategies, and treat-\nment pathways that evolve as the cat matures.\nAn evidence-guided framework for managing a cat’s healthcare\nthroughout its lifetime has never been more important in feline\npractice than it is now. Cats are the most popular pet in the United\nStates.1 A great anomaly in feline practice is that although most\nowners consider their cats to be family members, cats are sub-\nstantially underserved in the primary care setting compared with\ndogs.2 In 2006, owners took their dogs to veterinarians more than\ntwice as often as cats: 2.3 times/year for dogs versus 1.1 times/year\nfor cats.3 This healthcare use imbalance persists to the present day.\nCat owners often express a belief that their pets “do not need\nmedical care.” Two reasons for this misconception are that signs of\nillness and pain are often difﬁcult to detect in the sometimes re-\nclusive or stoic cat, and that cats are perceived to be self-sufﬁcient.\nSpeciﬁc objectives of the guidelines are (1) to deﬁne distinct\nfeline life stages consistent with how pet owners generally perceive\nTABLE 1\nFeline Life Stages\nª Voren1/iStock, spxChrome/E+, AaronAmat/iStock, AngiePhotos/iStock via Getty Images Plus\n52\nJAAHA\n|\n57:2\nMar/Apr 2021', 'VETERINARY PRACTICE GUIDELINES\n2021 AAHA/AAFP Feline Life Stage Guidelines*\nJessica Quimby, DVM, PhD, DACVIMy, Shannon Gowland, DVM, DABVPy, Hazel C. Carney, DVM, MS, DABVP,\nTheresa DePorter, DVM, MRCVS, DACVB, DECAWBM, Paula Plummer, LVT, VTS (ECC, SAIM), Jodi Westropp,\nDVM, PhD, DACVIM\nABSTRACT\nThe guidelines, authored by a Task Force of experts in feline clinical medicine, are an update and extension of the AAFP–AAHA\nFeline Life Stage Guidelines published in 2010. The guidelines are published simultaneously in the Journal of Feline Medicine and\nSurgery (volume 23, issue 3, pages 211–233, DOI: 10.1177/1098612X21993657) and the Journal of the American Animal Hospital\nAssociation (volume 57, issue 2, pages 51–72, DOI: 10.5326/JAAHA-MS-7189). A noteworthy change from the earlier guidelines is\nthe division of the cat’s lifespan into a ﬁve-stage grouping with four distinct age-related stages (kitten, young adult, mature adult,\nand senior) as well as an end-of-life stage, instead of the previous six. This simpliﬁed grouping is consistent with how pet owners\ngenerally perceive their cat’s maturation and aging process, and provides a readily understood basis for an evolving, individualized,\nlifelong feline healthcare strategy. The guidelines include a comprehensive table on the components of a feline wellness visit that\nprovides a framework for systematically implementing an individualized life stage approach to feline healthcare. Included are\nrecommendations for managing the most critical health-related factors in relation to a cat’s life stage. These recommendations are\nfurther explained in the following categories: behavior and environmental needs; elimination; life stage nutrition and weight\nmanagement; oral health; parasite control; vaccination; zoonoses and human safety; and recommended diagnostics based on\nlife stage. A discussion on overcoming barriers to veterinary visits by cat owners offers practical advice on one of the most\nchallenging aspects of delivering regular feline healthcare. (J Am Anim Hosp Assoc 2021; 57:51–72. DOI 10.5326/JAAHA-MS-7189)\nAFFILIATIONS\nThe Ohio State University, Department of Veterinary Clinical Sciences, Co-\nlumbus, Ohio, USA (J.Q.); OVC Smith Lane Animal Hospital, Ontario Vet-\nerinary College, Guelph, Ontario, Canada (S.G.); WestVet Emergency and\nSpecialty Center, Garden City, Idaho, USA (H.C.C.); Oakland Veterinary\nReferral Services, Bloomﬁeld Hills, Michigan, USA (T.D.); Texas A&M Uni-\nversity Veterinary Medical Teaching Hospital, College Station, Texas, USA\n(P.P.); and University of California, Davis, School of Veterinary Medicine,\nDavis, California, USA (J.W.).\nKEYWORDS\nFeline life stage; kitten; adult; senior; veterinary; healthcare examination;\nmedical history; behavior; risk assessment; elimination\nCorrespondence: quimby.19@osu.edu (J.Q.)\n* Boehringer Ingelheim Animal Health USA Inc., CareCredit, Dechra Vet-\nerinary Products, IDEXX Laboratories, Inc., Merck Animal Health, and Zoetis', 'detection of changes and identiﬁcation of trends.20 Obtaining dorsal\nand lateral photographs of the patient is recommended to facilitate\nmonitoring BCS/MCS as the cat ages, and can help the owner\nrecognize subtle changes.\nDiseases and conditions that require additional focus during the\nexamination by each life stage are listed in Table 3.\nKittens\nKittens will have different health risks depending on their lifestyle\nand history, including exposure to other cats and the level of care\nprovided. Vaccination and parasite control history, health status of\nrelated cats, if known, and clinical signs of upper respiratory or\nparasitic disease are all important areas of focus. Nutritional status\nand weaning history are also important areas of inquiry as orphaned\nor undersocialized kittens may have behavior concerns.24 Changes in\ndemeanor, activity level, and behavior are additionally key to note\nand trend over time.\nAsking speciﬁc questions as to whether the kitten is displaying\nany unwanted behaviors, counselling clients on normal kitten be-\nhavior, and giving advice on positive methods to modify unwanted\nbehavior are critical discussion points at this stage. Breed-related\npredispositions, signs of genetic disease, and the availability and\naccuracy of genetic testing to detect disease should be discussed when\nrelevant.\nThe physical examination for kittens typically focuses on\ndetection of congenital issues such as a heart murmur, hernia, or\ncleft palate. A detailed oral examination is performed to detect\nabnormalities of dentition. The use of fecal scoring charts is very\nhelpful to ensure that the client can accurately identify stool\nconsistency.25,26\nYoung Adult Cats\nLower airway disease is common in young adult cats.27 Coughing is a\ntypical sign of feline bronchial disease; however, the veterinarian\nmust consider the role of heartworm-associated respiratory disease\n(HARD), transtracheal migration of roundworm (Toxocara cati),\nand lungworm. Asking speciﬁc questions regarding the presence of\ncoughing is helpful for early diagnosis and treatment. Coughing is\nnot typically a hallmark of cardiac disease in cats, in contrast to\ncanine patients, nor is it caused by hairballs. Young adult cats de-\nveloping cardiac conditions such as hypertrophic cardiomyopathy\nare often asymptomatic or may display changes in activity level or\nexercise tolerance.\nAsking speciﬁc questions concerning whether vomiting, vom-\niting hairballs, or diarrhea is occurring, and the frequency of each, is\nrecommended as some clients may consider vomiting or vomiting\nhairballs to be normal for their cat. Additionally, discuss the im-\nportance of monitoring weight, and ask about any chronic enter-\nopathy or gastrointestinal (GI) signs that could indicate early stages of\ndisease.\nMature Adult and Senior Cats\nThe medical history and examination of mature adult and senior cats\nwill be focused on early detection of disease. Adult and senior cats are\noften diagnosed with comorbidities. Speciﬁc questions regarding\nchanges in appetite, occurrence of polyuria and polydipsia, vomiting,\nvomiting hairballs, or diarrhea are of key importance to guide di-\nagnostic testing. Discussion should also be held with the client about\nincreased nocturnal activity and vocalization as well as changes in\nthe cat’s normal habits or activity. These may indicate cognitive\ndysfunction, disease-reduced mobility, pain, or reduced vision.\nTABLE 3']","Cats should be examined by a veterinarian at least once a year.  
Senior cats (10 years and older) should be seen at least every six months, and those with chronic conditions may need even more frequent visits.","A minimum of annual examinations is recommended for all cats, with increasing frequency as appropriate for individual needs. Senior cats should be seen at least every 6 months, and more frequently if they have chronic conditions.",0.8055555555287036,1.0,1.0,0.7881492292364408
What are the core vaccines for cats?,"['Practitioners can develop individualized vaccination protocols\nconsisting of core vaccines (rabies virus, feline herpesvirus type 1\n[FHV-1], feline calicivirus [FCV], and feline panleukopenia virus\n[FPV]) and non-core vaccines based on exposure and susceptibility\nrisk as deﬁned by the patient’s life stage, lifestyle, and place of origin as\nwell as by environmental and epidemiologic factors.\nThe Task Force supports the 2020 AAHA/AAFP Feline Vaccination\nGuidelines7 and the World Small Animal Veterinary Association’s rec-\nommendation that veterinarians should vaccinate every animal with\ncore vaccines and give non-core vaccines no more frequently than is\ndeemed necessary based on risk exposure.126 Revaccination against FPV,\nFHV-1, and FCV at 6 months of age to potentially reduce the window\nof susceptibility in kittens with maternally derived antibodies toward\nthe end of the kitten series (16–18 weeks) is recommended.7 Feline\nleukemia virus (FeLV) vaccination is considered core for kittens and\nyoung cats owing to age-related susceptibility, especially those with a\nhigh risk of regular exposure. It is recommended to revaccinate for\nFeLV 12 months after the last dose in the kitten series, and then an-\nnually for individual cats at high risk. Veterinarians have considerable\nability to use biologics in a discretionary manner but also should be\naware of any state- or provincial-speciﬁc restrictions in their veterinary\npractice act relating to implementation, especially in regard to rabies.\nDetailed information regarding the role of vaccination as an essential\ncomponent of preventive healthcare is given in the 2020 AAHA/AAFP\nFeline Vaccination Guidelines.7\nFeline injection-site sarcoma is a real, albeit low, risk for cats\nreceiving injectable vaccines.7 Feline injection-site sarcomas are\naggressive, locally invasive neoplasms that are difﬁcult to diagnose\nand surgically remove.7 Practitioners should follow the “3-2-1 rule”\nwhen investigating suspicious masses.7,127 In order to facilitate sur-\ngical excision or amputation in the event of sarcoma formation, and\nthe opportunity to obtain two or three surgical planes, all vaccines\nshould be administered in the lower limbs or tail, as recommended\nin the 2020 AAHA/AAFP Feline Vaccination Guidelines.7 Distal limb\ninjections should be administered below the elbow or stiﬂe; tail\ninjections should be in the distal third of the tail. Because complete\nsurgical excision of a mass is most difﬁcult in the intrascapular\n2021 AAHA/AAFP Feline Life Stage Guidelines\nJAAHA.ORG\n65', '16. Hosie MJ, Addie DD, Boucraut-Baralon C, et al. Matrix vaccination\nguidelines: 2015 ABCD recommendations for indoor/outdoor cats, rescue\nshelter cats and breeding catteries. J Feline Med Surg 2015;17:583–7.\n17. Lappin MR, Elston T, Evans L, et al. 2019 AAFP feline zoonoses\nguidelines. J Feline Med Surg 2019;21:1008–21.\n18. Little S, Levy J, Hartmann K, et al. 2020 AAFP feline retrovirus testing\nand management guidelines. J Feline Med Surg 2020;22:5–30.\n19. Sadek T, Hamper B, Horwitz D, et al. Feline feeding programs:\naddressing behavioral needs to improve feline health and wellbeing. J\nFeline Med Surg 2018;20:1049–55. AAFP Consensus Statement available\nat: catvets.com/guidelines/practice-guidelines/how-to-feed.\n20. AAHA. Body condition scoring (BCS) systems. Available at: http://\naaha.org/globalassets/02-guidelines/weight-management/weightmgmt_\nbodyconditionscoring.pdf.\n21. Whyte A, Gracia A, Bonastre C, et al. Oral disease and microbiota in\nfree-roaming cats. Top Companion Anim Med 2017;32:91–5.\n22. Whyte A, Lacasta S, Whyte J, et al. Tooth resorption in Spanish do-\nmestic cats: preliminary data. Top Companion Anim Med 2020;38:\n100369. DOI: 10.1016/j.tcam.2019.100369.\n23. Bennett D, Arifﬁn SMZ, Johnston P. Osteoarthritis in the cat: how common\nis it and how easy to recognise? J Feline Med Surg 2012;14:65–75.\n24. AAHA. 2010 AAHA nutritional assessment guidelines for dogs and cats.\nAvailable at: aaha.org/aaha-guidelines/nutritional-assessment-conﬁguration/\nnutritional-assessment-introduction/.\n25. Purina. Fecal Scoring Chart. Available at: https://www.proplanveterinarydiets.ca/\nwp-content/uploads/2018/05/180107_PPPVD-Fecal-Scoring-Chart-UP-\nDATE-EN-FINAL.pdf.\n26. Royal Canin. Fecal Scoring System for Cats. 2020. Available at: https://\nroyalcanin-us.my.salesforce.com/sfc/p/j0000001rD9A/a/5b000000QMW8/\n8FRFiG8lTxRVN0rrLvXHrb9shSxH3cqoC.XA.ltJj2s.\n27. Rozanski E. Feline lower airway disease. In: Little S, ed. August’s con-\nsultations in feline internal medicine. 7th ed. St. Louis (MO): Elsevier;\n2016:447–51.\n28. Epstein ME, Rodan I, Griffenhagen G, et al. 2015 AAHA/AAFP pain man-\nagement guidelines for dogs and cats. J Feline Med Surg 2015;17:251–72.', 'VETERINARY PRACTICE GUIDELINES\n2021 AAHA/AAFP Feline Life Stage Guidelines*\nJessica Quimby, DVM, PhD, DACVIMy, Shannon Gowland, DVM, DABVPy, Hazel C. Carney, DVM, MS, DABVP,\nTheresa DePorter, DVM, MRCVS, DACVB, DECAWBM, Paula Plummer, LVT, VTS (ECC, SAIM), Jodi Westropp,\nDVM, PhD, DACVIM\nABSTRACT\nThe guidelines, authored by a Task Force of experts in feline clinical medicine, are an update and extension of the AAFP–AAHA\nFeline Life Stage Guidelines published in 2010. The guidelines are published simultaneously in the Journal of Feline Medicine and\nSurgery (volume 23, issue 3, pages 211–233, DOI: 10.1177/1098612X21993657) and the Journal of the American Animal Hospital\nAssociation (volume 57, issue 2, pages 51–72, DOI: 10.5326/JAAHA-MS-7189). A noteworthy change from the earlier guidelines is\nthe division of the cat’s lifespan into a ﬁve-stage grouping with four distinct age-related stages (kitten, young adult, mature adult,\nand senior) as well as an end-of-life stage, instead of the previous six. This simpliﬁed grouping is consistent with how pet owners\ngenerally perceive their cat’s maturation and aging process, and provides a readily understood basis for an evolving, individualized,\nlifelong feline healthcare strategy. The guidelines include a comprehensive table on the components of a feline wellness visit that\nprovides a framework for systematically implementing an individualized life stage approach to feline healthcare. Included are\nrecommendations for managing the most critical health-related factors in relation to a cat’s life stage. These recommendations are\nfurther explained in the following categories: behavior and environmental needs; elimination; life stage nutrition and weight\nmanagement; oral health; parasite control; vaccination; zoonoses and human safety; and recommended diagnostics based on\nlife stage. A discussion on overcoming barriers to veterinary visits by cat owners offers practical advice on one of the most\nchallenging aspects of delivering regular feline healthcare. (J Am Anim Hosp Assoc 2021; 57:51–72. DOI 10.5326/JAAHA-MS-7189)\nAFFILIATIONS\nThe Ohio State University, Department of Veterinary Clinical Sciences, Co-\nlumbus, Ohio, USA (J.Q.); OVC Smith Lane Animal Hospital, Ontario Vet-\nerinary College, Guelph, Ontario, Canada (S.G.); WestVet Emergency and\nSpecialty Center, Garden City, Idaho, USA (H.C.C.); Oakland Veterinary\nReferral Services, Bloomﬁeld Hills, Michigan, USA (T.D.); Texas A&M Uni-\nversity Veterinary Medical Teaching Hospital, College Station, Texas, USA\n(P.P.); and University of California, Davis, School of Veterinary Medicine,\nDavis, California, USA (J.W.).\nKEYWORDS\nFeline life stage; kitten; adult; senior; veterinary; healthcare examination;\nmedical history; behavior; risk assessment; elimination\nCorrespondence: quimby.19@osu.edu (J.Q.)\n* Boehringer Ingelheim Animal Health USA Inc., CareCredit, Dechra Vet-\nerinary Products, IDEXX Laboratories, Inc., Merck Animal Health, and Zoetis', 'INFORMED CONSENT\nThis work did not involve the use of animals and, therefore, informed\nconsent was not required. For any animals individually identiﬁable within\nthis publication, informed consent (either verbal or written) for their use in\nthe publication was obtained from the people involved.\nREFERENCES\n1. Flanigan J, Shepherd A, Majchrzak S, et al. US pet ownership and de-\nmographics sourcebook. Schaumburg, IL: American Veterinary Medical\nAssociation, 2007:1–3.\n2. Lue TW, Pantenburg DP, Crawford PM. Impact of the owner-pet and\nclient-veterinarian bond on the care that pets receive. J Am Vet Med\nAssoc 2008;232:531–40.\n3. Volk JO, Felsted KE, Thomas JG, et al. Executive summary of the Bayer\nveterinary care usage study. J Am Vet Med Assoc 2011;238:1275–82.\n4. Bishop G, Cooney K, Cox S, et al. 2016 AAHA/IAAHPC end-of-life care\nguidelines. J Am Anim Hosp Assoc 2016;52:341–56.\n5. AAFP. 2021 AAFP End of Life Online Educational Toolkit. Available at:\ncatvets.com/endoﬂife.\n6. Hoyumpa Vogt A, Rodan I, Brown M, et al. AAFP–AAHA feline life\nstage guidelines. J Feline Med Surg 2010;12:43–54.\n7. Stone AE, Brummet GO, Carozza EM, et al. 2020 AAHA/AAFP feline\nvaccination guidelines. J Feline Med Surg 2020;22:813–30.\n8. Rodan I, Sundahl E, Carney H, et al. AAFP and ISFM feline-friendly\nhandling guidelines. J Feline Med Surg 2011;13:364–75.\n9. Carney HC, Little S, Brownlee-Tomasso D, et al. AAFP and ISFM feline-\nfriendly nursing care guidelines. J Feline Med Surg 2012;14:337–49.\n10. AAFP. AAFP Cat Friendly Certiﬁcate Program. Available at: catvets.com/\ncertiﬁcate.\n11. AAFP. AAFP Cat Friendly Practices. Available at: catvets.com/cfp.\n12. Pittari J, Rodan I, Beekman G, et al. American Association of Feline\nPractitioners. Senior care guidelines. J Feline Med Surg 2009;11:763–78.\n13. AAFP Position Statement. Early spay and castration. Available at: catvets.\ncom/public/PDFs/PositionStatements/EarlySpay&Neuter.pdf.\n14. AAFP. Client brochures for cat owners. How do I know if my cat is in\npain? Available at: https://catvets.com/guidelines/client-brochures.\n15. Gough A, Thomas A, O’Neill D. Part II: cat breeds. In: Gough A,\nThomas A, O’Neill D, eds. Breed predispositions to disease in dogs and\ncats. 3rd ed. Chichester (UK): John Wiley & Sons; 2018:225–55.']","The core vaccines for cats are:

- Rabies virus  
- Feline herpesvirus type 1 (FHV‑1)  
- Feline calicivirus (FCV)  
- Feline panleukopenia virus (FPV)","The core vaccines are rabies virus, feline herpesvirus type 1 (FHV-1), feline calicivirus (FCV), and feline panleukopenia virus (FPV). Feline leukemia virus (FeLV) vaccination is also considered core for kittens and young cats.",0.9999999999,1.0,1.0,0.8262073410299622
What is the rule of thumb for the number of litter boxes in a multi-cat household?,"['assume these behaviors are normal or cannot be corrected. Timely\nintervention is critical to address these behaviors effectively.\nGeneral Litter Box Considerations\nLitter boxes should be provided in different locations that are easily\naccessible throughout the house to the extent possible, particularly in\nmulticat households. The rule of thumb is one litter box for each cat\nplus one additional box, or one litter box for each social group plus\none additional box, if the number of social groups is known. Placing\nlitter boxes in multiple quiet locations that are convenient for the cat,\nand provide an escape route if necessary, could help facilitate con-\nditions for normal elimination behaviors.\nIf different litters are offered, it may be preferable to test the cat’s\npreferences by providing choices in separate boxes, because indi-\nvidual preferences for litter type have been documented.33,58 For cats\nwith a history of urinary problems, unscented clumping litter may\nbe preferred.55,60 Litter boxes should be cleaned regularly and\nreplaced, as well as scooped daily. Soap or strong chemicals should\nbe avoided; hot water is best. Some cats seem quite sensitive to dirty\nlitter boxes.74 Litter box size and whether the box is open or covered\nmay also be important to some cats.75,76 It is recommended that the\nlitter box be at least one and a half times in size based on the length\nof the cat from nose to tip of the tail, which means most manu-\nfactured boxes are not large enough. Using items such as larger\nstorage containers is likely to achieve proper litter box size.\nThe litter box edges should not be too high in order for a kitten or\nsenior cat to enter and exit easily. For kittens, discuss appropriate litter\nbox management and locations with the client to assure proper use by\nthe cat. Litter box rejection can stem from a varietyof causes, and choices\ncan be offered for the kitten to express their preference. If house-soiling\nis noted by the owner, the kitten should be evaluated for underlying\nconditions such as congenital abnormalities of the lower urinary or GI\ntract, GI parasites, or other infectious diseases. Mature adult and senior\ncats may house-soil secondarily to medical or behavioral conditions.\nClients should be encouraged to seek veterinary assistance promptly, in\norder to diagnose life-threatening conditions such as urinary tract\nblockage, and to avoid having the behavior become entrenched.\nCats should never be reprimanded for toileting in undesired\nlocations and should never be taken to a litter box punitively.\nUrine Marking\nIf cats at any life stage present with lower urinary tract signs, the\npractitioner must obtain a deﬁnitive history to differentiate various\nunderlying causes for the signs. Urine marking, which is recognized\nas a normal felid behavior,77 is certainly not desirable for solely\nindoor-housed cats. Most cats that mark have a characteristic pos-\nture, whereby their tail is lifted and voiding often occurs on vertical\nsurfaces. However, cats can mark on horizontal surfaces, especially\non owners’ personal items. A detailed physical examination and\nenvironmental history, including a description of the behaviors,\nshould be obtained for these cases. For some questions to consider,\nsee the “Investigating Urine Marking” box.\nUrine marking, although often associated with intact male cats,\ncan be displayed by both feline sexes, intact or neutered. Neutering is\nnonetheless advisable, supported by a study showing that urine-spraying', '61. Rochlitz I. A review of the housing requirements of domestic cats (Felis\nsilvestris catus) kept in the home. Appl Anim Behav Sci 2005;93:97–109.\n62. Clancy EA, Moore AS, Bertone ER. Evaluation of cat and owner\ncharacteristics and their relationships to outdoor access of owned cats. J\nAm Vet Med Assoc 2003;222:1541–5.\n63. Neville PF. An ethical viewpoint: the role of veterinarians and behaviourists\nin ensuring good husbandry for cats. J Feline Med Surg 2004;6:43–8.\n64. Toribio JLM, Norris JM, White JD, et al. Demographics and husbandry\nof pet cats living in Sydney, Australia: results of cross-sectional survey of\npet ownership. J Feline Med Surg 2009;11:449–61.\n65. Rochlitz I. The welfare of cats. Dordrecht (Netherlands): Springer; 2005.\n66. Clarke DL, Wrigglesworth D, Holmes K, et al. Using environmental\nenrichment and feeding enrichment to facilitate feline weight loss. J\nAnim Physiol Anim Nutr (Berl) 2005;89:427. DOI: 10.1111/j.1439-\n0396.2005.00611_1.x.\n67. AAFP Position Statement: Positive reinforcement for cats. 2012. Available at:\ncatvets.com/public/PDFs/PositionStatements/PositiveReinforcement.pdf.\n68. DePorter TL. Use of pheromones in feline practice. In: Rodan I, Heath\nS, eds. Feline behavioral health and welfare. St. Louis (MO): Elsevier;\n2015:235–44.\n69. Grifﬁth CA, Steigerwald ES, Bufﬁngton CA. Effects of synthetic facial\npheromone on behavior of cats. J Am Vet Med Assoc 2000;217:1154–6.\n70. Stevens BJ, Frantz EM, Orlando JM, et al. Efﬁcacy of a single dose of\ntrazodone hydrochloride given to cats prior to veterinary visits to re-\nduce signs of transport- and examination-related anxiety. J Am Vet Med\nAssoc 2016;249:202–8.\n71. van Haaften KA, Eichstadt Forsythe LR, Stelow EA, et al. Effects of a\nsingle preappointment dose of gabapentin on signs of stress in cats\nduring transportation and veterinary examination. J Am Vet Med Assoc\n2017;251:1175–81.\n72. Lascelles BDX, Henry JB 3rd, Brown J, et al. Cross-sectional study of the\nprevalence of radiographic degenerative joint disease in domesticated\ncats. Vet Surg 2010;39:535–44.\n73. Gerard AF, Larson M, Baldwin CJ, et al. Telephone survey to investigate\nrelationships between onychectomy or onychectomy technique and\nhouse soiling in cats. J Am Vet Med Assoc 2016;249:638–43.\n74. Ellis JJ, McGowan RTS, Martin F. Does previous use affect litter box\nappeal in multi-cat households? Behav Processes 2017;141:284–90.\n75. Guy NC, Hopson M, Vanderstichel R. Litterbox size preference in', 'including carpeting, window and door frames, curtains, and couches.\nKeeping the nails shorter can minimize the damage to household items\nas well as to people. Moreover, meeting the cat’s environmental needs\nmay be beneﬁcial in reducing scratching of unwanted surfaces.38 Any\nintercat-related issues should be identiﬁed and addressed as soon as\npossible, as these can lead to increased territorial scratching behaviors.51\nScratching posts and a variety of other scratching surfaces should be\nprovided for cats as soon as they enter the home. Cats may have individual\nscratching habits, but consider provision of posts near resting areas and\nhigh-trafﬁc pathways. Available scratching substrates include rope, card-\nboard, carpet, and wood. One study revealed that rope was most frequently\nused when offered, although carpet was offered more commonly.52 Cats\nscratched the preferred substrate more often when the post was a simple\nupright type or a cat tree with two or more levels and at least 3 ft high.\nNarrower posts (base width less than or equal to 3 ft) were used more\noften than wider posts (base width greater than or equal to 5 ft). Cats\nbetween the ages of 10 and 14 years preferred carpet substrate. All other\nages preferred rope.52 The preference of older cats for carpet may be due\nto age-related musculoskeletal changes or because these cats may not have\nhad the opportunity to use the range of substrates as kittens. “Claw\nCounseling: Helping Clients Live Alongside Cats with Claws”51 is one of\nseveral resources in the AAFP Claw Friendly Educational Toolkit.53\nYoung Adult Cats\nYoung adult cats do not require as frequent routine medical care as\nkittens, so it is integral to educate the client about why regular\nhealthcare examinations remain so important. Routine examinations\ncan help identify behavioral changes or medical concerns that may\naffect a cat’s health long before they become signiﬁcant, painful, or\nmore costly to treat. Clients should be educated about the subtle\nchanges in behavior and day-to-day life of the cat that may possibly\nbe signiﬁcant. Encouraging owners to routinely record behaviors in\na journal and/or with photos and video will provide a basis for\ndocumenting any such changes. Simply asking the client, “Is your\ncat happy?” may help them think about their cat’s welfare.\nUrine marking is most often displayed by intact male cats,\nalthough one study reported that about 10% of sterilized cats marked\ntheir territory with urine.54 The onset of this behavior can coincide\nwith sexual maturity. Both males and females may urine spray.\nCats may discontinue litter box use for a variety of reasons including\nthe litter substrate offered, litter box cleaning and environmental hygiene,\nlitter box style (e.g., covered, electronic), litter box size, location preferences,\nillness, or stress in the home, including conﬂict between housemate cats.\nAlthough individual preferences can vary, of the available litter types, most\nadult cats prefer clumping litter, and most cats prefer plain unscented\nlitters.55 Some cats may ﬁnd scented litters signiﬁcantly aversive.56 Cats\nhave shown a tendency to prefer larger litter boxes.57,58\nIntercat Relations\nThe reduction in social play combined with the dispersal effect (when\nfree-living offspring leave the family unit at about 1–2 years of age)\nmeans that intercat aggression may develop at this stage of life.', '29. Taylor SS, Sparkes AH, Briscoe K, et al. ISFM consensus guidelines on\nthe diagnosis and management of hypertension in cats. J Feline Med\nSurg 2017;19:288–303.\n30. Reid J, Scott EM, Calvo G, et al. Deﬁnitive Glasgow acute pain scale for\ncats: validation and intervention level. Vet Rec 2017;180:449.\n31. Kunder D, Foster J. Cutaneous manifestations of internal disease. In:\nLittle S, ed. August’s consultations in feline internal medicine. 7th ed.\nSt. Louis (MO): Elsevier; 2016:282–94.\n32. Hammerle M, Horst C, Levine E, et al. 2015 AAHA canine and feline\nbehavior management guidelines. J Am Anim Hosp Assoc 2015;51:205–\n21. Available at: https://www.aaha.org/behavior.\n33. Carney HC, Sadek TP, Curtis TM, et al. AAFP and ISFM guidelines for\ndiagnosing and solving house-soiling behavior in cats. J Feline Med Surg\n2014;16:579–98.\n34. Casey RA, Vandenbussche S, Bradshaw JWS, et al. Reasons for relin-\nquishment and return of domestic cats (Felis silvestris catus) to rescue\nshelters in the UK. Anthrozoos 2009;22:347–58.\n35. Overall KL, Rodan I, Beaver B, et al. Feline behavior guidelines from the\nAmerican Association of Feline Practitioners. 2004. Available at: catvets.com/\npublic/PDFs/PracticeGuidelines/FelineBehaviorGLS.pdf.\n36. Estes RD. The behavior guide to African mammals. Berkeley (CA):\nUniversity of California Press; 1991:349–57.\n37. Landsberg G, Hunthausen W, Ackerman L. Feline development. In: Be-\nhavior problems of the dog and cat. 3rd ed. Saunders, Elsevier; 2013:20–3.\n38. Ellis SLH, Rodan I, Carney HC, et al. AAFP and ISFM feline envi-\nronmental needs guidelines. J Feline Med Surg 2013;15:219–30.\n39. AVMA. AVMA pet ownership and demographics sourcebook. 2017–2018\nedition. Executive summary available at: https://www.avma.org/sites/\ndefault/ﬁles/resources/AVMA-Pet-Demographics-Executive-Summary.pdf.\n40. Elzerman AL, DePorter TL, Beck A, et al. Conﬂict and afﬁliative be-\nhavior frequency between cats in multi-cat households: a survey-based\nstudy. J Feline Med Surg 2020;22:705–17.\n41. Bradshaw J. What is a cat, and why can cats become distressed? In:\nSparkes A, Ellis S, eds. ISFM guide to feline stress and health: managing\nnegative emotions to improve feline health and wellbeing. Tisbury (UK):\nISFM; 2016:19–30.\n42. Overall KL. Manual of clinical behavioral medicine for dogs and cats.\nSt. Louis (MO): Elsevier; 2013.']",The rule of thumb is to provide **one litter box per cat plus one extra box** (or one box per social group plus one extra if you know the groupings).,"One litter box for each cat plus one additional box, or one litter box for each social group plus one additional box if the number of social groups is known.",0.9999999999,1.0,1.0,0.9672585370628292
What type of litter do most adult cats prefer?,"['including carpeting, window and door frames, curtains, and couches.\nKeeping the nails shorter can minimize the damage to household items\nas well as to people. Moreover, meeting the cat’s environmental needs\nmay be beneﬁcial in reducing scratching of unwanted surfaces.38 Any\nintercat-related issues should be identiﬁed and addressed as soon as\npossible, as these can lead to increased territorial scratching behaviors.51\nScratching posts and a variety of other scratching surfaces should be\nprovided for cats as soon as they enter the home. Cats may have individual\nscratching habits, but consider provision of posts near resting areas and\nhigh-trafﬁc pathways. Available scratching substrates include rope, card-\nboard, carpet, and wood. One study revealed that rope was most frequently\nused when offered, although carpet was offered more commonly.52 Cats\nscratched the preferred substrate more often when the post was a simple\nupright type or a cat tree with two or more levels and at least 3 ft high.\nNarrower posts (base width less than or equal to 3 ft) were used more\noften than wider posts (base width greater than or equal to 5 ft). Cats\nbetween the ages of 10 and 14 years preferred carpet substrate. All other\nages preferred rope.52 The preference of older cats for carpet may be due\nto age-related musculoskeletal changes or because these cats may not have\nhad the opportunity to use the range of substrates as kittens. “Claw\nCounseling: Helping Clients Live Alongside Cats with Claws”51 is one of\nseveral resources in the AAFP Claw Friendly Educational Toolkit.53\nYoung Adult Cats\nYoung adult cats do not require as frequent routine medical care as\nkittens, so it is integral to educate the client about why regular\nhealthcare examinations remain so important. Routine examinations\ncan help identify behavioral changes or medical concerns that may\naffect a cat’s health long before they become signiﬁcant, painful, or\nmore costly to treat. Clients should be educated about the subtle\nchanges in behavior and day-to-day life of the cat that may possibly\nbe signiﬁcant. Encouraging owners to routinely record behaviors in\na journal and/or with photos and video will provide a basis for\ndocumenting any such changes. Simply asking the client, “Is your\ncat happy?” may help them think about their cat’s welfare.\nUrine marking is most often displayed by intact male cats,\nalthough one study reported that about 10% of sterilized cats marked\ntheir territory with urine.54 The onset of this behavior can coincide\nwith sexual maturity. Both males and females may urine spray.\nCats may discontinue litter box use for a variety of reasons including\nthe litter substrate offered, litter box cleaning and environmental hygiene,\nlitter box style (e.g., covered, electronic), litter box size, location preferences,\nillness, or stress in the home, including conﬂict between housemate cats.\nAlthough individual preferences can vary, of the available litter types, most\nadult cats prefer clumping litter, and most cats prefer plain unscented\nlitters.55 Some cats may ﬁnd scented litters signiﬁcantly aversive.56 Cats\nhave shown a tendency to prefer larger litter boxes.57,58\nIntercat Relations\nThe reduction in social play combined with the dispersal effect (when\nfree-living offspring leave the family unit at about 1–2 years of age)\nmeans that intercat aggression may develop at this stage of life.', 'assume these behaviors are normal or cannot be corrected. Timely\nintervention is critical to address these behaviors effectively.\nGeneral Litter Box Considerations\nLitter boxes should be provided in different locations that are easily\naccessible throughout the house to the extent possible, particularly in\nmulticat households. The rule of thumb is one litter box for each cat\nplus one additional box, or one litter box for each social group plus\none additional box, if the number of social groups is known. Placing\nlitter boxes in multiple quiet locations that are convenient for the cat,\nand provide an escape route if necessary, could help facilitate con-\nditions for normal elimination behaviors.\nIf different litters are offered, it may be preferable to test the cat’s\npreferences by providing choices in separate boxes, because indi-\nvidual preferences for litter type have been documented.33,58 For cats\nwith a history of urinary problems, unscented clumping litter may\nbe preferred.55,60 Litter boxes should be cleaned regularly and\nreplaced, as well as scooped daily. Soap or strong chemicals should\nbe avoided; hot water is best. Some cats seem quite sensitive to dirty\nlitter boxes.74 Litter box size and whether the box is open or covered\nmay also be important to some cats.75,76 It is recommended that the\nlitter box be at least one and a half times in size based on the length\nof the cat from nose to tip of the tail, which means most manu-\nfactured boxes are not large enough. Using items such as larger\nstorage containers is likely to achieve proper litter box size.\nThe litter box edges should not be too high in order for a kitten or\nsenior cat to enter and exit easily. For kittens, discuss appropriate litter\nbox management and locations with the client to assure proper use by\nthe cat. Litter box rejection can stem from a varietyof causes, and choices\ncan be offered for the kitten to express their preference. If house-soiling\nis noted by the owner, the kitten should be evaluated for underlying\nconditions such as congenital abnormalities of the lower urinary or GI\ntract, GI parasites, or other infectious diseases. Mature adult and senior\ncats may house-soil secondarily to medical or behavioral conditions.\nClients should be encouraged to seek veterinary assistance promptly, in\norder to diagnose life-threatening conditions such as urinary tract\nblockage, and to avoid having the behavior become entrenched.\nCats should never be reprimanded for toileting in undesired\nlocations and should never be taken to a litter box punitively.\nUrine Marking\nIf cats at any life stage present with lower urinary tract signs, the\npractitioner must obtain a deﬁnitive history to differentiate various\nunderlying causes for the signs. Urine marking, which is recognized\nas a normal felid behavior,77 is certainly not desirable for solely\nindoor-housed cats. Most cats that mark have a characteristic pos-\nture, whereby their tail is lifted and voiding often occurs on vertical\nsurfaces. However, cats can mark on horizontal surfaces, especially\non owners’ personal items. A detailed physical examination and\nenvironmental history, including a description of the behaviors,\nshould be obtained for these cases. For some questions to consider,\nsee the “Investigating Urine Marking” box.\nUrine marking, although often associated with intact male cats,\ncan be displayed by both feline sexes, intact or neutered. Neutering is\nnonetheless advisable, supported by a study showing that urine-spraying', 'domestic cats (Felis catus). J Vet Behav 2014;9:78–82.\n76. Grigg EK, Pick L, Nibblett B. Litter box preference in domestic cats:\ncovered versus uncovered. J Feline Med Surg 2013;15:280–4.\n77. Horwitz DF. Common feline problem behaviors: urine spraying. J Fe-\nline Med Surg 2019;21:209–19.\n78. Cafazzo S, Bonanni R, Natoli E. Neutering effects on social behaviour of\nurban unowned free-roaming domestic cats. Animals (Basel) 2019;9.\nDOI: 10.3390/ani9121105.\n79. Bufﬁngton CA, Chew DJ, Kendall MS, et al. Clinical evaluation of cats\nwith nonobstructive urinary tract diseases. J Am Vet Med Assoc 1997;\n210:46–50.\n80. Bufﬁngton CAT, Westropp JL, Chew DJ, et al. Clinical evaluation of\nmultimodal environmental modiﬁcation (MEMO) in the management\nof cats with idiopathic cystitis. J Feline Med Surg 2006;8:261–8.\n81. Westropp JL, Bufﬁngton CAT. Feline idiopathic cystitis: current un-\nderstanding of pathophysiology and management. Vet Clin North Am\nSmall Anim Pract 2004;34:1043–55.\n82. Bradshaw JWS. The evolutionary basis for the feeding behavior of\ndomestic dogs (Canis familiaris) and cats (Felis catus). J Nutr 2006;\n136(suppl 7):1927S–31S.\n83. Morris JG. Idiosyncratic nutrient requirements of cats appear to be\ndiet-induced evolutionary adaptations. Nutr Res Rev 2002;15:153–68.\n84. AAHA. Raw protein diet. 2011. Available at: https://www.aaha.org/\nabout-aaha/aaha-position-statements/raw-protein-diet/.\n85. Freeman L, Becvarova I, Cave N, et al. WSAVA nutritional assessment\nguidelines. J Feline Med Surg 2011;13:516–25. Also available at: https://\nwsava.org/wp-content/uploads/2020/01/WSAVA-Nutrition-Assessment-\nGuidelines-2011-JSAP.pdf.\n86. Stasiak M. The development of food preferences in cats: the new di-\nrection. Nutr Neurosci 2002;5:221–8.\n87. Turner DC. The human-cat relationship. In: Turner DC, Bateson P, eds.\nThe domestic cat: the biology of its behaviour. 2nd ed. Cambridge (UK):\nCambridge University Press; 2008:194–206.\n88. Masserman JH. Experimental neuroses. Sci Am 1950;182:38.\n89. Fascetti AJ, Delaney SJ, eds. Applied veterinary clinical nutrition. Chi-\nchester (UK): John Wiley & Sons; 2012.\n70\nJAAHA\n|\n57:2\nMar/Apr 2021', '61. Rochlitz I. A review of the housing requirements of domestic cats (Felis\nsilvestris catus) kept in the home. Appl Anim Behav Sci 2005;93:97–109.\n62. Clancy EA, Moore AS, Bertone ER. Evaluation of cat and owner\ncharacteristics and their relationships to outdoor access of owned cats. J\nAm Vet Med Assoc 2003;222:1541–5.\n63. Neville PF. An ethical viewpoint: the role of veterinarians and behaviourists\nin ensuring good husbandry for cats. J Feline Med Surg 2004;6:43–8.\n64. Toribio JLM, Norris JM, White JD, et al. Demographics and husbandry\nof pet cats living in Sydney, Australia: results of cross-sectional survey of\npet ownership. J Feline Med Surg 2009;11:449–61.\n65. Rochlitz I. The welfare of cats. Dordrecht (Netherlands): Springer; 2005.\n66. Clarke DL, Wrigglesworth D, Holmes K, et al. Using environmental\nenrichment and feeding enrichment to facilitate feline weight loss. J\nAnim Physiol Anim Nutr (Berl) 2005;89:427. DOI: 10.1111/j.1439-\n0396.2005.00611_1.x.\n67. AAFP Position Statement: Positive reinforcement for cats. 2012. Available at:\ncatvets.com/public/PDFs/PositionStatements/PositiveReinforcement.pdf.\n68. DePorter TL. Use of pheromones in feline practice. In: Rodan I, Heath\nS, eds. Feline behavioral health and welfare. St. Louis (MO): Elsevier;\n2015:235–44.\n69. Grifﬁth CA, Steigerwald ES, Bufﬁngton CA. Effects of synthetic facial\npheromone on behavior of cats. J Am Vet Med Assoc 2000;217:1154–6.\n70. Stevens BJ, Frantz EM, Orlando JM, et al. Efﬁcacy of a single dose of\ntrazodone hydrochloride given to cats prior to veterinary visits to re-\nduce signs of transport- and examination-related anxiety. J Am Vet Med\nAssoc 2016;249:202–8.\n71. van Haaften KA, Eichstadt Forsythe LR, Stelow EA, et al. Effects of a\nsingle preappointment dose of gabapentin on signs of stress in cats\nduring transportation and veterinary examination. J Am Vet Med Assoc\n2017;251:1175–81.\n72. Lascelles BDX, Henry JB 3rd, Brown J, et al. Cross-sectional study of the\nprevalence of radiographic degenerative joint disease in domesticated\ncats. Vet Surg 2010;39:535–44.\n73. Gerard AF, Larson M, Baldwin CJ, et al. Telephone survey to investigate\nrelationships between onychectomy or onychectomy technique and\nhouse soiling in cats. J Am Vet Med Assoc 2016;249:638–43.\n74. Ellis JJ, McGowan RTS, Martin F. Does previous use affect litter box\nappeal in multi-cat households? Behav Processes 2017;141:284–90.\n75. Guy NC, Hopson M, Vanderstichel R. Litterbox size preference in']",Most adult cats prefer **clumping litter** (and they generally like it unscented).,"Most adult cats prefer clumping litter, and most cats prefer plain unscented litters. Some cats may find scented litters significantly aversive. Cats also tend to prefer larger litter boxes.",0.99999999995,1.0,1.0,0.7186590481445918
Which body measures should be evaluated and recorded during a cat's physical examination?,"['90. Wichert B, Muller L, Gebert S, et al. Additional data on energy re-\nquirements of young adult cats measured by indirect calorimetry. J\nAnim Physiol Anim Nutr (Berl) 2007;91:278–81.\n91. Laﬂamme D. Development and validation of a body condition score\nsystem for cats: a clinical tool. Feline Pract 1997;25:13–8.\n92. Teng KT, McGreevy PD, Toribio J-A, et al. Strong associations of nine-\npoint body condition scoring with survival and lifespan in cats. J Feline\nMed Surg 2018;20:1110–8.\n93. Lund EM, Armstrong PJ, Kirk CK. Prevalence and risk factors for\nobesity in adult cats from private US veterinary practices. Int J Appl Res\nVet Med 2005;3:88–96.\n94. Scarlett JM, Donohue S. Associations between body condition and\ndisease in cats. J Am Vet Med Assoc 1998; 212: 1725–1731.\n95. Segev G, Livne H, Ranen E, et al. Urethral obstruction in cats: pre-\ndisposing\nfactors,\nclinical,\nclinicopathological\ncharacteristics\nand\nprognosis. J Feline Med Surg 2011;13:101–8.\n96. Scarlett JM, Donoghue S, Saidla J, et al. Overweight cats: prevalence and\nrisk factors. Int J Obes Relat Metab Disord 1994;18(suppl 1):S22–8.\n97. Courcier EA, Mellor DJ, Pendlebury E, et al. An investigation into the\nepidemiology of feline obesity in Great Britain: results of a cross-\nsectional study of 47 companion animal practises. Vet Rec 2012;171:\n560. DOI: 10.1136/vr.100953.\n98. Baldwin K, Barges J, Bufﬁngton T, et al. AAHA nutritional assessment\nguidelines for dogs and cats. J Am Anim Hosp Assoc 2010;46:285–96.\nAlso available at: https://www.aaha.org/globalassets/02-guidelines/nu-\ntritional-assessment/nutritionalassessmentguidelines.pdf.\n99. National Research Council. Nutrient requirements of dogs and cats.\nWashington DC: National Academies Press; 2006.\n100. Thatcher CD, Hand MS, Remillard RL. Small animal clinical nutrition:\nan iterative process. In: Hand MS, Thatcher CD, Remillard RL, et al.,\neds. Small animal clinical nutrition. 5th ed. Topeka (KS): Mark Morris Institute;\n2010:3–21.\nAvailable\nat:\nhttps://s3.amazonaws.com/mmi_sacn5/2019/\nSACN5_1.pdf.\n101. Miele A, Sordo L, Gunn-Moore DA. Feline aging: promoting physio-\nlogic and emotional well-being. Vet Clin North Am Small Anim Pract\n2020;50:719–48.\n102. Laﬂamme DP. Nutrition for aging cats and dogs and the importance of\nbody condition. Vet Clin North Am Small Anim Pract 2005;35:713–42.\n103. Harper EJ. Changing perspectives on aging and energy requirements:', 'detection of changes and identiﬁcation of trends.20 Obtaining dorsal\nand lateral photographs of the patient is recommended to facilitate\nmonitoring BCS/MCS as the cat ages, and can help the owner\nrecognize subtle changes.\nDiseases and conditions that require additional focus during the\nexamination by each life stage are listed in Table 3.\nKittens\nKittens will have different health risks depending on their lifestyle\nand history, including exposure to other cats and the level of care\nprovided. Vaccination and parasite control history, health status of\nrelated cats, if known, and clinical signs of upper respiratory or\nparasitic disease are all important areas of focus. Nutritional status\nand weaning history are also important areas of inquiry as orphaned\nor undersocialized kittens may have behavior concerns.24 Changes in\ndemeanor, activity level, and behavior are additionally key to note\nand trend over time.\nAsking speciﬁc questions as to whether the kitten is displaying\nany unwanted behaviors, counselling clients on normal kitten be-\nhavior, and giving advice on positive methods to modify unwanted\nbehavior are critical discussion points at this stage. Breed-related\npredispositions, signs of genetic disease, and the availability and\naccuracy of genetic testing to detect disease should be discussed when\nrelevant.\nThe physical examination for kittens typically focuses on\ndetection of congenital issues such as a heart murmur, hernia, or\ncleft palate. A detailed oral examination is performed to detect\nabnormalities of dentition. The use of fecal scoring charts is very\nhelpful to ensure that the client can accurately identify stool\nconsistency.25,26\nYoung Adult Cats\nLower airway disease is common in young adult cats.27 Coughing is a\ntypical sign of feline bronchial disease; however, the veterinarian\nmust consider the role of heartworm-associated respiratory disease\n(HARD), transtracheal migration of roundworm (Toxocara cati),\nand lungworm. Asking speciﬁc questions regarding the presence of\ncoughing is helpful for early diagnosis and treatment. Coughing is\nnot typically a hallmark of cardiac disease in cats, in contrast to\ncanine patients, nor is it caused by hairballs. Young adult cats de-\nveloping cardiac conditions such as hypertrophic cardiomyopathy\nare often asymptomatic or may display changes in activity level or\nexercise tolerance.\nAsking speciﬁc questions concerning whether vomiting, vom-\niting hairballs, or diarrhea is occurring, and the frequency of each, is\nrecommended as some clients may consider vomiting or vomiting\nhairballs to be normal for their cat. Additionally, discuss the im-\nportance of monitoring weight, and ask about any chronic enter-\nopathy or gastrointestinal (GI) signs that could indicate early stages of\ndisease.\nMature Adult and Senior Cats\nThe medical history and examination of mature adult and senior cats\nwill be focused on early detection of disease. Adult and senior cats are\noften diagnosed with comorbidities. Speciﬁc questions regarding\nchanges in appetite, occurrence of polyuria and polydipsia, vomiting,\nvomiting hairballs, or diarrhea are of key importance to guide di-\nagnostic testing. Discussion should also be held with the client about\nincreased nocturnal activity and vocalization as well as changes in\nthe cat’s normal habits or activity. These may indicate cognitive\ndysfunction, disease-reduced mobility, pain, or reduced vision.\nTABLE 3', 'thorough and accurate preventive healthcare and medical recom-\nmendations. The traditional classiﬁcation of a cat as “indoor” or\n“outdoor” is oversimpliﬁed as there may be additional risk factors\nthat warrant consideration.16 Determining whether the cat is pri-\nmarily indoor or has any outdoor access is, nevertheless, a starting\npoint. Further questioning may reveal details including whether\noutdoor access is through an enclosure or leash walking versus free\nroaming, and if there is exposure to other cats—be they housemates,\nvisiting cats, or foster cats from a shelter—and whether the cat at-\ntends boarding facilities or cat shows. For primarily indoor cats,\nenvironmental needs are likewise evaluated. Noting human–cat in-\nteraction is also important to determine zoonotic risks.17 For ex-\nample, a young adult cat hunting outdoors may need different\npreventive healthcare from a mature adult indoor cat living in a\nretirement home and interacting with residents. For further infor-\nmation, readers are referred to the 2019 AAFP Feline Zoonoses\nGuidelines17 and the 2020 AAFP Feline Retrovirus Testing and Man-\nagement Guidelines.18 The role and relationship of the cat with re-\nspect to the client (i.e., the human–cat bond and the care philosophy\nof the owner) is also essential to understand.\nMedical History and Physical Examination Focus Based on Speciﬁc\nLife Stage\nFor new patients, a detailed history including any previous medical or\nsurgical information is important to record, including any past or\ncurrent medications or supplements.\nAn assessment of the cat’s current diet, including intake\namount, frequency of feeding, and the manner in which the cat is\nfed,19 is an important part of each consultation, as is making a\nnutritional recommendation to continue or change the current diet.\nEvaluation and recording of body weight, body condition score\n(BCS), and muscle condition score (MCS) are important compo-\nnents of the physical examination at all life stages to allow early\n56\nJAAHA\n|\n57:2\nMar/Apr 2021', 'For example, some senior cats aged 10 years and older may remain in\nexcellent physical condition and would be best treated as a mature\nadult at the veterinarian’s discretion. The guidelines are intended to\nbe a starting point from which individualized care recommenda-\ntions can be developed.\nDiscussion Items for All Life Stages\nThe Task Force recommends a minimum of annual examinations for\nall cats, with increasing frequency as appropriate for their individual\nneeds.6 Senior cats should be seen at least every 6 months and more\nfrequently for those with chronic conditions. More information\ncan be found in the AAFP Senior Care Guidelines.12 Seeing patients\nand clients at least annually provides an excellent opportunity for\nclient education. Table 2 lists a number of discussion items relevant\nto all life stages. Some topics such as sterilization, claw care, the\nimportance of identiﬁcation and microchipping, and disaster\npreparedness may be covered once in an initial consultation. The\nAAFP Position Statement entitled “Early spay and castration” is a\nsource of further information on timing of pediatric spay/neu-\ntering.13\nOpen-ended questions and requests such as, “What would you\nlike to discuss with me today?” or, “I hear that [cat’s name] hasn’t\nbeen eating well, tell me more about that” are an excellent start to\nsetting the agenda for the consultation. An appointment template\ncan be valuable to guide more speciﬁc questions such as, “Has there\nbeen any urination or defecation outside the litter box?” to ensure\nother relevant information is not missed or left to the end of the\nconsultation.\nDiscussions regarding anticipated costs of care and presentation\nof pet insurance options can help clients to plan ahead for future care\nneeds. In some cases, estate planning may be appropriate to discuss.\nMany other topics will be revisited and modiﬁed during subsequent\nexaminations, including preventive healthcare and nutritional rec-\nommendations. Discussing what normal behaviors are expected at\neach life stage, relating this to the patient, and reviewing subtle signs\nof anxiety, illness, and pain in cats encourages clients to be vigilant\nand seek care early in the course of disease.14 Veterinarians should\neducate owners of purebred cats about breed predispositions,\nkeeping in mind that most North American cats are not purebred,\nand that these conditions are not necessarily restricted to particular\nbreeds.15\nTaking a few moments to evaluate and discuss the temperament,\ndemeanor, and handling preferences of the patient is time well spent\nin terms of setting the stage for a reduced-stress, thorough physical\nexamination and for obtaining diagnostic samples. Observing how\nthe cat is reacting to the environment may give clues as to its state of\narousal. If the cat is a new patient to the veterinarian, the client may\nknow from previous experience what works well for their pet. For\nexample, does the cat relax when handled in a towel? What is the cat’s\nfavorite treat? What handling methods have worked well or poorly\nin the past? This knowledge and an understanding of reduced-stress\nhandling techniques can help to tailor the approach to each patient.\nNoting these important details in the physical examination record\nwill facilitate successful, reduced-stress future visits and help to\ndevelop individualized approaches that work well for each patient.\nDecreasing stress may reduce confounding results during physical\nexamination and diagnostic testing, as well as when taking vital\nsigns.\nLifestyle Risk Assessment\nUnderstanding the lifestyle of the cat is important for making']","During a routine physical examination of a cat, the key body‑measurements that should be evaluated and recorded are:

1. **Body weight** – the actual weight of the cat in kilograms or pounds.  
2. **Body Condition Score (BCS)** – a standardized 9‑point (or 5‑point) scale that assesses overall fat cover and body shape.  
3. **Muscle Condition Score (MCS)** – a separate scale that evaluates muscle mass and tone, often used alongside BCS to gauge lean body mass.

These three measures—weight, BCS, and MCS—are the core body metrics recommended for all life stages in the provided guidelines.","Body weight, body condition score (BCS), and muscle condition score (MCS) should be evaluated and recorded at all life stages during the physical examination.",0.9999999999666667,1.0,0.3333333333333333,0.7933851918974966
Should cats be punished for unwanted behavior?,"['Conﬂict may occur when a new cat is introduced. Alternatively, a\nhousemate cat may become the target of aggression following a\nstressful event (e.g., returning home from a veterinary visit) or\nowing to redirected aggression triggered by a cat outside the home.\nControversy exists over whether cats should be kept indoors only\nor in an indoor/outdoor environment (see the “Lifestyle Choices”\nbox). These debates reﬂect geographical and cultural differences as\nwell as individual owner preferences.60–65 The focus should be on\nproviding an appropriate, stimulating, and safe environment for the\ncat.38 All cats should be microchipped for permanent identiﬁcation.\nPlay\nDeclining play activity increases susceptibility to weight gain. In one\nstudy, three 10- to 15-minute exercise sessions per day led to a loss of\napproximately 1% of body weight in 1 month with no food intake\nrestrictions.66\nSenior Cats\nSenior cats exhibiting new or unusual behavior should be evaluated for\nmedical conditions.12 Changes in litter box usage may indicate urinary\ntract disease, constipation, or diabetes but may also be due to reduced\nmusculoskeletal strength, impaired balance, or onset of pain. Vocali-\nzation, especially nighttime waking, is a common concern and may\nrepresent sensory changes (declining hearing and vision), cognitive\ndysfunction syndrome, pain, hyperthyroidism, or hypertension. Vet-\nerinary visits may be more challenging for the senior cat, in part be-\ncause many cat owners do not seek wellness visits, but present their\ncats only for acute care.3 The use of pheromones or pre–veterinary visit\npharmaceuticals such as gabapentin or trazodone may reduce stress\nwhile allowing thorough evaluations.68–71 As many senior patients may\nbe experiencing some level of pain related to their disease or second-\narily to DJD, analgesics may also be indicated for veterinary visits.\nDJD and/or muscle weakness may initially manifest as a change\nor reduction in jumping or climbing in senior cats. Because of the\nPunishment\nCats should not be punished. Yelling at or startling the cat, spraying the\ncat with water, or other physical forms of punishment only serve to scare\nthe cat and may lead to cats running away or responding aggressively.\nCats should never be subjected to shock collars. Withholding resources,\nsuch as food, is likewise never appropriate. Punishment impairs the\nhuman–animal bond. Instead, desirable behaviors should be rewar-\nded—see the AAFP Position Statement on positive reinforcement.67\n60\nJAAHA\n|\n57:2\nMar/Apr 2021', '44. Reisner IR, Houpt KA, Erb HN, et al. Friendliness to humans and\ndefensive aggression in cats: the inﬂuence of handling and paternity.\nPhysiol Behav 1994;55:1119–24.\n45. Rodan I, Heath S. Feline behavioral health and welfare. St. Louis (MO):\nElsevier; 2016:331.\n46. Collard RR. Fear of strangers and play behavior in kittens with varied\nsocial experience. Child Dev 1967;38:877–91.\n47. Caro TM. Predatory behaviour and social play in kittens. Behaviour\n1981;76:1–24.\n48. Humphrey T, Proops L, Forman J, et al. The role of cat eye narrowing\nmovements in cat–human communication. Sci Rep 2020;10:16503.\nDOI: 10.1038/s41598-020-73426-0.\n49. Yin S. Low stress handling, restraint and behavior modiﬁcation of dogs and\ncats. Davis (CA): CattleDog Publishing; 2009:422.\n50. Koch CS. Teaching your pet to take medication. Available at: https://\nwww.lincolnlandac.com/sites/site-1900/documents/Medicating%20your%\n20pet2.10.14.pdf.\n51. AAFP. Claw counseling: helping clients live alongside cats with claws.\nAvailable at: catvets.com/public/PDFs/PositionStatements/Scratching/Claw-\nCounseling.pdf.\n52. Wilson C, Bain M, DePorter T, et al. Owner observations regarding cat\nscratching behavior: an internet-based survey. J Feline Med Surg 2016;18:791–7.\n53. AAFP. Claw Friendly Educational Toolkit. Available at: catvets.com/\nclawfriendly\n54. Hart BL, Barrett RE. Effects of castration on ﬁghting, roaming and\nurine spraying in adult male cats. J Am Vet Med Assoc 1973;163:290–2.\n55. Borchelt PL. Cat elimination behavior problems. Vet Clin North Am\nSmall Anim Pract 1991;21:257–64.\n56. Nielson J. Thinking outside the box: feline elimination. J Feline Med\nSurg 2004;6:5–11.\n57. Neilson JC. The latest scoop on litter. Vet Med 2009;104:140–4. Avail-\nable at: www.dvm360.com/view/latest-scoop-litter.\n58. Horwitz DF. Behavioral and environmental factors associated with\nelimination behavior problems in cats: a retrospective study. Appl Anim\nBehav Sci 1997;52:129–37.\n59. AAFP Position Statement. Impact of lifestyle choice on the companion\ncat: indoor vs outdoor. 2016. Available at: catvets.com/public/PDFs/\nContent/Preview/LifestyleChoicePositionStatement.pdf.\n60. Bufﬁngton CAT. External and internal inﬂuences on disease risk in cats.\nJ Am Vet Med Assoc 2002;220:994–1002. Available at: https://avma-\njournals.avma.org/doi/abs/10.2460/javma.2002.220.994.', 'Currently, in North America, opportunities to attend kitten\nclasses or structured socialization sessions are limited. Until these\nopportunities increase, veterinary professionals should consider each\nkitten’s visit as an opportunity to create a positive experience and\nfamiliarize the kitten with the practice team and environment. Team\nmembers should be trained to use appropriate interactions includ-\ning positive reinforcement, gentle handling, and use of food or re-\nwards to desensitize and countercondition kittens to veterinary or\nhandling procedures8; aversive handling or punishment should al-\nways be avoided.\nTraining Kittens in Preparation to Be Adult Cats\nKittens, and even older cats, can be taught many behaviors with well-\ntimed positive reinforcement. For example, teaching a cat to come\nwhen called for a tasty treat can be used in carrier training, which will\nhelp build a positive association with the carrier and, in turn, assist\nwith getting to the veterinary practice. It may be helpful for a cat\nowner to reward a cat for getting on a small mat so the cat will be\nbetter prepared for the veterinary examination. Interested cat owners\ncan also teach their cats agility, fetching, or tricks. Moreover, cats can\nbe taught to voluntarily accept grooming, nail trimming, instillation\nof ear treatments, application of topical antiparasitics, and admin-\nistration of medications both orally and subcutaneously. Ultimately,\nalmost every cat is going to require medication at some time in its life,\nso it is prudent to acclimate cats to these types of procedures.\nKittens may be taught to accept pilling by administration of a\ntasty morsel of food instead of a pill. By giving treats that are soft\nenough that they may be wrapped around a pill, the young cat is\nexposed to those foods before the need for a pill. Commercially\navailable pill pockets may be given empty or with a hard piece of\nkibble hidden inside to acclimate the cat to the change in texture.\nKittens may even be taught to accept a novel use of the old-style “pet\npiller” by letting the kitten lick moist food off the end of the piller.\nWhile the kitten is eating, the piller plunger (not the piller itself) is\nadvanced to deliver another morsel of food into the kitten’s\nmouth.49,50\nIt is imperative to educate cat owners that scratching is a normal\nfeline behavior. Positive reinforcement for nail trimming warrants special\nconsideration because many cats will scratch on undesirable surfaces\n2021 AAHA/AAFP Feline Life Stage Guidelines\nJAAHA.ORG\n59', '61. Rochlitz I. A review of the housing requirements of domestic cats (Felis\nsilvestris catus) kept in the home. Appl Anim Behav Sci 2005;93:97–109.\n62. Clancy EA, Moore AS, Bertone ER. Evaluation of cat and owner\ncharacteristics and their relationships to outdoor access of owned cats. J\nAm Vet Med Assoc 2003;222:1541–5.\n63. Neville PF. An ethical viewpoint: the role of veterinarians and behaviourists\nin ensuring good husbandry for cats. J Feline Med Surg 2004;6:43–8.\n64. Toribio JLM, Norris JM, White JD, et al. Demographics and husbandry\nof pet cats living in Sydney, Australia: results of cross-sectional survey of\npet ownership. J Feline Med Surg 2009;11:449–61.\n65. Rochlitz I. The welfare of cats. Dordrecht (Netherlands): Springer; 2005.\n66. Clarke DL, Wrigglesworth D, Holmes K, et al. Using environmental\nenrichment and feeding enrichment to facilitate feline weight loss. J\nAnim Physiol Anim Nutr (Berl) 2005;89:427. DOI: 10.1111/j.1439-\n0396.2005.00611_1.x.\n67. AAFP Position Statement: Positive reinforcement for cats. 2012. Available at:\ncatvets.com/public/PDFs/PositionStatements/PositiveReinforcement.pdf.\n68. DePorter TL. Use of pheromones in feline practice. In: Rodan I, Heath\nS, eds. Feline behavioral health and welfare. St. Louis (MO): Elsevier;\n2015:235–44.\n69. Grifﬁth CA, Steigerwald ES, Bufﬁngton CA. Effects of synthetic facial\npheromone on behavior of cats. J Am Vet Med Assoc 2000;217:1154–6.\n70. Stevens BJ, Frantz EM, Orlando JM, et al. Efﬁcacy of a single dose of\ntrazodone hydrochloride given to cats prior to veterinary visits to re-\nduce signs of transport- and examination-related anxiety. J Am Vet Med\nAssoc 2016;249:202–8.\n71. van Haaften KA, Eichstadt Forsythe LR, Stelow EA, et al. Effects of a\nsingle preappointment dose of gabapentin on signs of stress in cats\nduring transportation and veterinary examination. J Am Vet Med Assoc\n2017;251:1175–81.\n72. Lascelles BDX, Henry JB 3rd, Brown J, et al. Cross-sectional study of the\nprevalence of radiographic degenerative joint disease in domesticated\ncats. Vet Surg 2010;39:535–44.\n73. Gerard AF, Larson M, Baldwin CJ, et al. Telephone survey to investigate\nrelationships between onychectomy or onychectomy technique and\nhouse soiling in cats. J Am Vet Med Assoc 2016;249:638–43.\n74. Ellis JJ, McGowan RTS, Martin F. Does previous use affect litter box\nappeal in multi-cat households? Behav Processes 2017;141:284–90.\n75. Guy NC, Hopson M, Vanderstichel R. Litterbox size preference in']","No. Cats should not be punished for unwanted behavior. Yelling, startling, spraying water, using shock collars, or withholding food are all inappropriate and can scare the cat, cause aggression, or damage the human‑animal bond. Instead, use positive reinforcement to reward desirable behaviors.","No. Cats should not be punished. Yelling, startling, spraying with water, or physical punishment only scares the cat and may lead to the cat running away or responding aggressively. Cats should never be subjected to shock collars.",0.8333333332916666,1.0,1.0,0.7750249673070284
When should cats be revaccinated for feline leukemia virus (FeLV)?,"['Practitioners can develop individualized vaccination protocols\nconsisting of core vaccines (rabies virus, feline herpesvirus type 1\n[FHV-1], feline calicivirus [FCV], and feline panleukopenia virus\n[FPV]) and non-core vaccines based on exposure and susceptibility\nrisk as deﬁned by the patient’s life stage, lifestyle, and place of origin as\nwell as by environmental and epidemiologic factors.\nThe Task Force supports the 2020 AAHA/AAFP Feline Vaccination\nGuidelines7 and the World Small Animal Veterinary Association’s rec-\nommendation that veterinarians should vaccinate every animal with\ncore vaccines and give non-core vaccines no more frequently than is\ndeemed necessary based on risk exposure.126 Revaccination against FPV,\nFHV-1, and FCV at 6 months of age to potentially reduce the window\nof susceptibility in kittens with maternally derived antibodies toward\nthe end of the kitten series (16–18 weeks) is recommended.7 Feline\nleukemia virus (FeLV) vaccination is considered core for kittens and\nyoung cats owing to age-related susceptibility, especially those with a\nhigh risk of regular exposure. It is recommended to revaccinate for\nFeLV 12 months after the last dose in the kitten series, and then an-\nnually for individual cats at high risk. Veterinarians have considerable\nability to use biologics in a discretionary manner but also should be\naware of any state- or provincial-speciﬁc restrictions in their veterinary\npractice act relating to implementation, especially in regard to rabies.\nDetailed information regarding the role of vaccination as an essential\ncomponent of preventive healthcare is given in the 2020 AAHA/AAFP\nFeline Vaccination Guidelines.7\nFeline injection-site sarcoma is a real, albeit low, risk for cats\nreceiving injectable vaccines.7 Feline injection-site sarcomas are\naggressive, locally invasive neoplasms that are difﬁcult to diagnose\nand surgically remove.7 Practitioners should follow the “3-2-1 rule”\nwhen investigating suspicious masses.7,127 In order to facilitate sur-\ngical excision or amputation in the event of sarcoma formation, and\nthe opportunity to obtain two or three surgical planes, all vaccines\nshould be administered in the lower limbs or tail, as recommended\nin the 2020 AAHA/AAFP Feline Vaccination Guidelines.7 Distal limb\ninjections should be administered below the elbow or stiﬂe; tail\ninjections should be in the distal third of the tail. Because complete\nsurgical excision of a mass is most difﬁcult in the intrascapular\n2021 AAHA/AAFP Feline Life Stage Guidelines\nJAAHA.ORG\n65', '16. Hosie MJ, Addie DD, Boucraut-Baralon C, et al. Matrix vaccination\nguidelines: 2015 ABCD recommendations for indoor/outdoor cats, rescue\nshelter cats and breeding catteries. J Feline Med Surg 2015;17:583–7.\n17. Lappin MR, Elston T, Evans L, et al. 2019 AAFP feline zoonoses\nguidelines. J Feline Med Surg 2019;21:1008–21.\n18. Little S, Levy J, Hartmann K, et al. 2020 AAFP feline retrovirus testing\nand management guidelines. J Feline Med Surg 2020;22:5–30.\n19. Sadek T, Hamper B, Horwitz D, et al. Feline feeding programs:\naddressing behavioral needs to improve feline health and wellbeing. J\nFeline Med Surg 2018;20:1049–55. AAFP Consensus Statement available\nat: catvets.com/guidelines/practice-guidelines/how-to-feed.\n20. AAHA. Body condition scoring (BCS) systems. Available at: http://\naaha.org/globalassets/02-guidelines/weight-management/weightmgmt_\nbodyconditionscoring.pdf.\n21. Whyte A, Gracia A, Bonastre C, et al. Oral disease and microbiota in\nfree-roaming cats. Top Companion Anim Med 2017;32:91–5.\n22. Whyte A, Lacasta S, Whyte J, et al. Tooth resorption in Spanish do-\nmestic cats: preliminary data. Top Companion Anim Med 2020;38:\n100369. DOI: 10.1016/j.tcam.2019.100369.\n23. Bennett D, Arifﬁn SMZ, Johnston P. Osteoarthritis in the cat: how common\nis it and how easy to recognise? J Feline Med Surg 2012;14:65–75.\n24. AAHA. 2010 AAHA nutritional assessment guidelines for dogs and cats.\nAvailable at: aaha.org/aaha-guidelines/nutritional-assessment-conﬁguration/\nnutritional-assessment-introduction/.\n25. Purina. Fecal Scoring Chart. Available at: https://www.proplanveterinarydiets.ca/\nwp-content/uploads/2018/05/180107_PPPVD-Fecal-Scoring-Chart-UP-\nDATE-EN-FINAL.pdf.\n26. Royal Canin. Fecal Scoring System for Cats. 2020. Available at: https://\nroyalcanin-us.my.salesforce.com/sfc/p/j0000001rD9A/a/5b000000QMW8/\n8FRFiG8lTxRVN0rrLvXHrb9shSxH3cqoC.XA.ltJj2s.\n27. Rozanski E. Feline lower airway disease. In: Little S, ed. August’s con-\nsultations in feline internal medicine. 7th ed. St. Louis (MO): Elsevier;\n2016:447–51.\n28. Epstein ME, Rodan I, Griffenhagen G, et al. 2015 AAHA/AAFP pain man-\nagement guidelines for dogs and cats. J Feline Med Surg 2015;17:251–72.', 'VETERINARY PRACTICE GUIDELINES\n2021 AAHA/AAFP Feline Life Stage Guidelines*\nJessica Quimby, DVM, PhD, DACVIMy, Shannon Gowland, DVM, DABVPy, Hazel C. Carney, DVM, MS, DABVP,\nTheresa DePorter, DVM, MRCVS, DACVB, DECAWBM, Paula Plummer, LVT, VTS (ECC, SAIM), Jodi Westropp,\nDVM, PhD, DACVIM\nABSTRACT\nThe guidelines, authored by a Task Force of experts in feline clinical medicine, are an update and extension of the AAFP–AAHA\nFeline Life Stage Guidelines published in 2010. The guidelines are published simultaneously in the Journal of Feline Medicine and\nSurgery (volume 23, issue 3, pages 211–233, DOI: 10.1177/1098612X21993657) and the Journal of the American Animal Hospital\nAssociation (volume 57, issue 2, pages 51–72, DOI: 10.5326/JAAHA-MS-7189). A noteworthy change from the earlier guidelines is\nthe division of the cat’s lifespan into a ﬁve-stage grouping with four distinct age-related stages (kitten, young adult, mature adult,\nand senior) as well as an end-of-life stage, instead of the previous six. This simpliﬁed grouping is consistent with how pet owners\ngenerally perceive their cat’s maturation and aging process, and provides a readily understood basis for an evolving, individualized,\nlifelong feline healthcare strategy. The guidelines include a comprehensive table on the components of a feline wellness visit that\nprovides a framework for systematically implementing an individualized life stage approach to feline healthcare. Included are\nrecommendations for managing the most critical health-related factors in relation to a cat’s life stage. These recommendations are\nfurther explained in the following categories: behavior and environmental needs; elimination; life stage nutrition and weight\nmanagement; oral health; parasite control; vaccination; zoonoses and human safety; and recommended diagnostics based on\nlife stage. A discussion on overcoming barriers to veterinary visits by cat owners offers practical advice on one of the most\nchallenging aspects of delivering regular feline healthcare. (J Am Anim Hosp Assoc 2021; 57:51–72. DOI 10.5326/JAAHA-MS-7189)\nAFFILIATIONS\nThe Ohio State University, Department of Veterinary Clinical Sciences, Co-\nlumbus, Ohio, USA (J.Q.); OVC Smith Lane Animal Hospital, Ontario Vet-\nerinary College, Guelph, Ontario, Canada (S.G.); WestVet Emergency and\nSpecialty Center, Garden City, Idaho, USA (H.C.C.); Oakland Veterinary\nReferral Services, Bloomﬁeld Hills, Michigan, USA (T.D.); Texas A&M Uni-\nversity Veterinary Medical Teaching Hospital, College Station, Texas, USA\n(P.P.); and University of California, Davis, School of Veterinary Medicine,\nDavis, California, USA (J.W.).\nKEYWORDS\nFeline life stage; kitten; adult; senior; veterinary; healthcare examination;\nmedical history; behavior; risk assessment; elimination\nCorrespondence: quimby.19@osu.edu (J.Q.)\n* Boehringer Ingelheim Animal Health USA Inc., CareCredit, Dechra Vet-\nerinary Products, IDEXX Laboratories, Inc., Merck Animal Health, and Zoetis', 'TABLE 2 (Continued)\n2021 AAHA/AAFP Feline Life Stage Guidelines\nJAAHA.ORG\n55']","Cats should receive a FeLV booster **12 months after the last dose in the kitten series**. After that, **annual revaccination is recommended for individual cats that remain at high risk of exposure**.","FeLV revaccination is recommended 12 months after the last dose in the kitten series, and then annually for individual cats at high risk.",0.9999999999,1.0,1.0,0.9759206441045339
